[
    {
        "sourceUrl": "https://gamehunters.club/coin-master/share-links/click/103426915",
        "title": "Collect Free Bonus Coins or Spins",
        "time": "2020-11-22T16:04:42Z",
        "url": "https://gamehunters.club/"
    },
    {
        "sourceUrl": "https://gamehunters.club/coin-master/share-links/click/103426832",
        "title": "Collect Free Bonus Coins or Spins",
        "time": "2020-11-22T10:03:20Z",
        "url": "https://gamehunters.club/"
    },
    {
        "sourceUrl": "https://gamehunters.club/coin-master/share-links/click/103426643",
        "title": "Collect Free Bonus Coins or Spins",
        "time": "2020-11-21T16:15:17Z",
        "url": "https://gamehunters.club/"
    },
    {
        "sourceUrl": "https://gamehunters.club/coin-master/share-links/click/103426540",
        "title": "Collect Free Bonus Coins or Spins",
        "time": "2020-11-21T10:05:42Z",
        "url": "https://gamehunters.club/"
    },
    {
        "sourceUrl": "https://gamehunters.club/coin-master/share-links/click/103426318",
        "title": "Collect Free Bonus Coins or Spins",
        "time": "2020-11-20T16:26:20Z",
        "url": "https://gamehunters.club/"
    },
    {
        "sourceUrl": "https://gamehunters.club/coin-master/share-links/click/103426241",
        "title": "Collect Free Bonus Coins or Spins",
        "time": "2020-11-20T10:22:41Z",
        "url": "https://gamehunters.club/"
    },
    {
        "sourceUrl": "https://gamehunters.club/coin-master/share-links/click/103426003",
        "title": "Collect Free Bonus Coins or Spins",
        "time": "2020-11-19T15:59:36Z",
        "url": "https://gamehunters.club/"
    },
    {
        "sourceUrl": "https://gamehunters.club/coin-master/share-links/click/103425924",
        "title": "Collect Free Bonus Coins or Spins",
        "time": "2020-11-19T10:02:51Z",
        "url": "https://gamehunters.club/"
    },
    {
        "sourceUrl": "https://gamehunters.club/coin-master/share-links/click/103425711",
        "title": "Collect Free Bonus Coins or Spins",
        "time": "2020-11-18T16:10:08Z",
        "url": "https://gamehunters.club/"
    },
    {
        "sourceUrl": "https://gamehunters.club/coin-master/share-links/click/103425646",
        "title": "Collect Free Bonus Coins or Spins",
        "time": "2020-11-18T09:55:11Z",
        "url": "https://gamehunters.club/"
    },
    {
        "sourceUrl": "https://gamehunters.club/coin-master/share-links/click/103425384",
        "title": "Collect Free Bonus Coins or Spins",
        "time": "2020-11-17T15:21:57Z",
        "url": "https://gamehunters.club/"
    },
    {
        "sourceUrl": "https://gamehunters.club/coin-master/share-links/click/103425322",
        "title": "Collect Free Bonus Coins or Spins",
        "time": "2020-11-17T09:26:50Z",
        "url": "https://gamehunters.club/"
    },
    {
        "sourceUrl": "https://gamehunters.club/coin-master/share-links/click/103425102",
        "title": "Collect Free Bonus Coins or Spins",
        "time": "2020-11-16T16:16:08Z",
        "url": "https://gamehunters.club/"
    },
    {
        "sourceUrl": "https://gamehunters.club/coin-master/share-links/click/103425027",
        "title": "Collect Free Bonus Coins or Spins",
        "time": "2020-11-16T10:08:18Z",
        "url": "https://gamehunters.club/"
    },
    {
        "sourceUrl": "https://gamehunters.club/coin-master/share-links/click/103424787",
        "title": "Collect Free Bonus Coins or Spins",
        "time": "2020-11-15T16:22:12Z",
        "url": "https://gamehunters.club/"
    },
    {
        "sourceUrl": "https://gamehunters.club/coin-master/share-links/click/103424705",
        "title": "Collect Free Bonus Coins or Spins",
        "time": "2020-11-15T10:09:45Z",
        "url": "https://gamehunters.club/"
    },
    {
        "sourceUrl": "https://gamehunters.club/coin-master/share-links/click/103424450",
        "title": "Collect Free Bonus Coins or Spins",
        "time": "2020-11-14T16:13:32Z",
        "url": "https://gamehunters.club/"
    },
    {
        "sourceUrl": "https://gamehunters.club/coin-master/share-links/click/103424375",
        "title": "Collect Free Bonus Coins or Spins",
        "time": "2020-11-14T10:13:56Z",
        "url": "https://gamehunters.club/"
    },
    {
        "sourceUrl": "https://gamehunters.club/coin-master/share-links/click/103424134",
        "title": "Collect Free Bonus Coins or Spins",
        "time": "2020-11-13T16:07:47Z",
        "url": "https://gamehunters.club/"
    },
    {
        "sourceUrl": "https://gamehunters.club/coin-master/share-links/click/103424056",
        "title": "Collect Free Bonus Coins or Spins",
        "time": "2020-11-13T10:23:43Z",
        "url": "https://gamehunters.club/"
    },
    {
        "sourceUrl": "https://gamehunters.club/coin-master/share-links/click/103423757",
        "title": "Collect Free Bonus Coins or Spins",
        "time": "2020-11-12T16:13:50Z",
        "url": "https://gamehunters.club/"
    },
    {
        "sourceUrl": "https://gamehunters.club/coin-master/share-links/click/103423646",
        "title": "Collect Free Bonus Coins or Spins",
        "time": "2020-11-12T09:04:55Z",
        "url": "https://gamehunters.club/"
    },
    {
        "sourceUrl": "https://gamehunters.club/coin-master/share-links/click/103423377",
        "title": "Collect Free Bonus Coins or Spins",
        "time": "2020-11-11T16:05:03Z",
        "url": "https://gamehunters.club/"
    },
    {
        "sourceUrl": "https://gamehunters.club/coin-master/share-links/click/103423310",
        "title": "Collect Free Bonus Coins or Spins",
        "time": "2020-11-11T10:06:05Z",
        "url": "https://gamehunters.club/"
    },
    {
        "sourceUrl": "https://gamehunters.club/coin-master/share-links/click/103423082",
        "title": "Collect Free Bonus Coins or Spins",
        "time": "2020-11-10T16:06:35Z",
        "url": "https://gamehunters.club/"
    },
    {
        "sourceUrl": "https://gamehunters.club/coin-master/share-links/click/103423012",
        "title": "Collect Free Bonus Coins or Spins",
        "time": "2020-11-10T10:03:50Z",
        "url": "https://gamehunters.club/"
    },
    {
        "sourceUrl": "https://gamehunters.club/coin-master/share-links/click/103422810",
        "title": "Collect Free Bonus Coins or Spins",
        "time": "2020-11-09T16:16:40Z",
        "url": "https://gamehunters.club/"
    },
    {
        "sourceUrl": "https://gamehunters.club/coin-master/share-links/click/103422742",
        "title": "Collect Free Bonus Coins or Spins",
        "time": "2020-11-09T10:05:28Z",
        "url": "https://gamehunters.club/"
    },
    {
        "sourceUrl": "https://gamehunters.club/coin-master/share-links/click/103422515",
        "title": "Collect Free Bonus Coins or Spins",
        "time": "2020-11-08T16:16:49Z",
        "url": "https://gamehunters.club/"
    },
    {
        "sourceUrl": "https://gamehunters.club/coin-master/share-links/click/103422446",
        "title": "Collect Free Bonus Coins or Spins",
        "time": "2020-11-08T10:04:56Z",
        "url": "https://gamehunters.club/"
    },
    {
        "sourceUrl": "https://gamehunters.club/coin-master/share-links/click/103422216",
        "title": "Collect Free Bonus Coins or Spins",
        "time": "2020-11-07T16:12:42Z",
        "url": "https://gamehunters.club/"
    },
    {
        "sourceUrl": "https://gamehunters.club/coin-master/share-links/click/103422123",
        "title": "Collect Free Bonus Coins or Spins",
        "time": "2020-11-07T10:15:30Z",
        "url": "https://gamehunters.club/"
    },
    {
        "sourceUrl": "https://gamehunters.club/coin-master/share-links/click/103421909",
        "title": "Collect Free Bonus Coins or Spins",
        "time": "2020-11-06T16:22:46Z",
        "url": "https://gamehunters.club/"
    },
    {
        "sourceUrl": "https://gamehunters.club/coin-master/share-links/click/103421827",
        "title": "Collect Free Bonus Coins or Spins",
        "time": "2020-11-06T10:09:53Z",
        "url": "https://gamehunters.club/"
    },
    {
        "sourceUrl": "https://gamehunters.club/coin-master/share-links/click/103421617",
        "title": "Collect Free Bonus Coins or Spins",
        "time": "2020-11-05T16:10:50Z",
        "url": "https://gamehunters.club/"
    },
    {
        "sourceUrl": "https://gamehunters.club/coin-master/share-links/click/103421547",
        "title": "Collect Free Bonus Coins or Spins",
        "time": "2020-11-05T10:13:17Z",
        "url": "https://gamehunters.club/"
    }
]