[
    {
        "sourceUrl": "https://freespinandcoin.blogspot.com/2018/11/coin-master-free-spin-and-coin-links.html#todays_free_spin_and_coin_links",
        "title": "Collect 25 spin Reward",
        "url": "https://static.moonactive.net/static/coinmaster/reward/reward2.html?c=pe_FCBAJvznG_20201122",
        "code": "pe_FCBAJvznG_20201122"
    },
    {
        "sourceUrl": "https://freespinandcoin.blogspot.com/2018/11/coin-master-free-spin-and-coin-links.html#todays_free_spin_and_coin_links",
        "title": "Collect 25 spin Reward",
        "url": "https://static.moonactive.net/static/coinmaster/reward/reward2.html?c=pe_TWIMHPFIy_20201122",
        "code": "pe_TWIMHPFIy_20201122"
    },
    {
        "sourceUrl": "https://freespinandcoin.blogspot.com/2018/11/coin-master-free-spin-and-coin-links.html#todays_free_spin_and_coin_links",
        "title": "Collect 2M coin Reward",
        "url": "https://static.moonactive.net/static/coinmaster/reward/reward2.html?c=pe_FCBbEDgRs_20201122",
        "code": "pe_FCBbEDgRs_20201122"
    },
    {
        "sourceUrl": "https://freespinandcoin.blogspot.com/2018/11/coin-master-free-spin-and-coin-links.html#todays_free_spin_and_coin_links",
        "title": "Collect 25 spin Reward",
        "url": "https://coinmaster.onelink.me/2792196939?pid=FB_PAGE&c=(_)KU9rA10LPlgZ8RCXha6WIGe2aGfWRoAbB9c5_3Bg9oo&campaign=(_)KU9rA10LPlgZ8RCXha6WIGe2aGfWRoAbB9c5_3Bg9oo&af_dp=coinmaster%3A%2F%2Fpromotions&af_deeplink=true&af_web_dp=https%3A%2F%2Fapps.facebook.com%2Fcoin-master%2F",
        "code": "(_)KU9rA10LPlgZ8RCXha6WIGe2aGfWRoAbB9c5_3Bg9oo"
    },
    {
        "sourceUrl": "https://freespinandcoin.blogspot.com/2018/11/coin-master-free-spin-and-coin-links.html#todays_free_spin_and_coin_links",
        "title": "Collect 25 spin Reward",
        "url": "https://static.moonactive.net/static/coinmaster/reward/reward2.html?c=pe_FCBetNoka_20201121",
        "code": "pe_FCBetNoka_20201121"
    },
    {
        "sourceUrl": "https://freespinandcoin.blogspot.com/2018/11/coin-master-free-spin-and-coin-links.html#todays_free_spin_and_coin_links",
        "title": "Collect 10 spin 1M coin Reward",
        "url": "https://static.moonactive.net/static/coinmaster/reward/reward2.html?c=pe_TWIjUSNyt_20201121",
        "code": "pe_TWIjUSNyt_20201121"
    },
    {
        "sourceUrl": "https://freespinandcoin.blogspot.com/2018/11/coin-master-free-spin-and-coin-links.html#todays_free_spin_and_coin_links",
        "title": "Collect 25 spin Reward",
        "url": "https://static.moonactive.net/static/coinmaster/reward/reward2.html?c=pe_FCBbybuUY_20201121",
        "code": "pe_FCBbybuUY_20201121"
    },
    {
        "sourceUrl": "https://freespinandcoin.blogspot.com/2018/11/coin-master-free-spin-and-coin-links.html#todays_free_spin_and_coin_links",
        "title": "Collect 25 spin Reward",
        "url": "https://coinmaster.onelink.me/2792196939?pid=FB_PAGE&c=(_)xmYQ4YzCPII09URxHeZbcEshj0fGK2Vvl3FV2BacOMY&campaign=(_)xmYQ4YzCPII09URxHeZbcEshj0fGK2Vvl3FV2BacOMY&af_dp=coinmaster%3A%2F%2Fpromotions&af_deeplink=true&af_web_dp=https%3A%2F%2Fapps.facebook.com%2Fcoin-master%2F",
        "code": "(_)xmYQ4YzCPII09URxHeZbcEshj0fGK2Vvl3FV2BacOMY"
    },
    {
        "sourceUrl": "https://freespinandcoin.blogspot.com/2018/11/coin-master-free-spin-and-coin-links.html#todays_free_spin_and_coin_links",
        "title": "Collect 25 spin Reward",
        "url": "https://static.moonactive.net/static/coinmaster/reward/reward2.html?c=pe_FCBWEBcux_20201120",
        "code": "pe_FCBWEBcux_20201120"
    },
    {
        "sourceUrl": "https://freespinandcoin.blogspot.com/2018/11/coin-master-free-spin-and-coin-links.html#todays_free_spin_and_coin_links",
        "title": "Collect 2M coin Reward",
        "url": "https://static.moonactive.net/static/coinmaster/reward/reward2.html?c=pe_TWIuKFtjD_20201120",
        "code": "pe_TWIuKFtjD_20201120"
    },
    {
        "sourceUrl": "https://freespinandcoin.blogspot.com/2018/11/coin-master-free-spin-and-coin-links.html#todays_free_spin_and_coin_links",
        "title": "Collect 2M coin Reward",
        "url": "https://static.moonactive.net/static/coinmaster/reward/reward2.html?c=pe_FCBnlfnOl_20201120",
        "code": "pe_FCBnlfnOl_20201120"
    },
    {
        "sourceUrl": "https://freespinandcoin.blogspot.com/2018/11/coin-master-free-spin-and-coin-links.html#todays_free_spin_and_coin_links",
        "title": "Collect 10 spin 1M coin Reward",
        "url": "https://static.moonactive.net/static/coinmaster/reward/reward2.html?c=(_)f4M7t_BUW74QJVwacmHIZ8ZQwqNIPr0PJ7iL2AtaNnc",
        "code": "(_)f4M7t_BUW74QJVwacmHIZ8ZQwqNIPr0PJ7iL2AtaNnc"
    },
    {
        "sourceUrl": "https://freespinandcoin.blogspot.com/2018/11/coin-master-free-spin-and-coin-links.html#todays_free_spin_and_coin_links",
        "title": "Collect 25 spin Reward",
        "url": "https://static.moonactive.net/static/coinmaster/reward/reward2.html?c=pe_FCBjTTJJt_20201119",
        "code": "pe_FCBjTTJJt_20201119"
    },
    {
        "sourceUrl": "https://freespinandcoin.blogspot.com/2018/11/coin-master-free-spin-and-coin-links.html#todays_free_spin_and_coin_links",
        "title": "Collect 10 spin 1M coin Reward",
        "url": "https://static.moonactive.net/static/coinmaster/reward/reward2.html?c=pe_FCBWDqpJM_20201119",
        "code": "pe_FCBWDqpJM_20201119"
    },
    {
        "sourceUrl": "https://freespinandcoin.blogspot.com/2018/11/coin-master-free-spin-and-coin-links.html#todays_free_spin_and_coin_links",
        "title": "Collect 25 spin Reward",
        "url": "https://coinmaster.onelink.me/2792196939?pid=FB_PAGE&c=(_)Wvi2ebPuhn2OHrtkXrUs0bU2ihoaNb7uhSZjoJKbBC4&campaign=(_)Wvi2ebPuhn2OHrtkXrUs0bU2ihoaNb7uhSZjoJKbBC4&af_dp=coinmaster%3A%2F%2Fpromotions&af_deeplink=true&af_web_dp=https%3A%2F%2Fapps.facebook.com%2Fcoin-master%2F",
        "code": "(_)Wvi2ebPuhn2OHrtkXrUs0bU2ihoaNb7uhSZjoJKbBC4"
    },
    {
        "sourceUrl": "https://freespinandcoin.blogspot.com/2018/11/coin-master-free-spin-and-coin-links.html#todays_free_spin_and_coin_links",
        "title": "Collect 10 spin 1M coin Reward",
        "url": "https://static.moonactive.net/static/coinmaster/reward/reward2.html?c=pe_INSsgIzhP_20201118",
        "code": "pe_INSsgIzhP_20201118"
    },
    {
        "sourceUrl": "https://freespinandcoin.blogspot.com/2018/11/coin-master-free-spin-and-coin-links.html#todays_free_spin_and_coin_links",
        "title": "Collect 25 spin Reward",
        "url": "https://static.moonactive.net/static/coinmaster/reward/reward2.html?c=pe_FCBmsoLAo_20201118",
        "code": "pe_FCBmsoLAo_20201118"
    },
    {
        "sourceUrl": "https://freespinandcoin.blogspot.com/2018/11/coin-master-free-spin-and-coin-links.html#todays_free_spin_and_coin_links",
        "title": "Collect 25 spin Reward",
        "url": "https://static.moonactive.net/static/coinmaster/reward/reward2.html?c=pe_TWIPSeyQB_20201118",
        "code": "pe_TWIPSeyQB_20201118"
    },
    {
        "sourceUrl": "https://freespinandcoin.blogspot.com/2018/11/coin-master-free-spin-and-coin-links.html#todays_free_spin_and_coin_links",
        "title": "Collect 10 spin 1M coin Reward",
        "url": "https://static.moonactive.net/static/coinmaster/reward/reward2.html?c=pe_FCBWtWfDp_20201118",
        "code": "pe_FCBWtWfDp_20201118"
    },
    {
        "sourceUrl": "https://freespinandcoin.blogspot.com/2018/11/coin-master-free-spin-and-coin-links.html#todays_free_spin_and_coin_links",
        "title": "Collect 2M coin Reward",
        "url": "https://coinmaster.onelink.me/2792196939?pid=FB_PAGE&c=(_)2hCrTRAGCT0vCFhjopJzYp_e82YWtX9b90C6sGiuLaI&campaign=(_)2hCrTRAGCT0vCFhjopJzYp_e82YWtX9b90C6sGiuLaI&af_dp=coinmaster%3A%2F%2Fpromotions&af_deeplink=true&af_web_dp=https%3A%2F%2Fapps.facebook.com%2Fcoin-master%2F",
        "code": "(_)2hCrTRAGCT0vCFhjopJzYp_e82YWtX9b90C6sGiuLaI"
    },
    {
        "sourceUrl": "https://freespinandcoin.blogspot.com/2018/11/coin-master-free-spin-and-coin-links.html#todays_free_spin_and_coin_links",
        "title": "Collect 25 spin Reward",
        "url": "https://static.moonactive.net/static/coinmaster/reward/reward2.html?c=pe_FCBMgzYuo_20201117",
        "code": "pe_FCBMgzYuo_20201117"
    },
    {
        "sourceUrl": "https://freespinandcoin.blogspot.com/2018/11/coin-master-free-spin-and-coin-links.html#todays_free_spin_and_coin_links",
        "title": "Collect 25 spin Reward",
        "url": "https://static.moonactive.net/static/coinmaster/reward/reward2.html?c=pe_FCBJQFyCj_20201117",
        "code": "pe_FCBJQFyCj_20201117"
    },
    {
        "sourceUrl": "https://freespinandcoin.blogspot.com/2018/11/coin-master-free-spin-and-coin-links.html#todays_free_spin_and_coin_links",
        "title": "Collect 10 spin 1M coin Reward",
        "url": "https://coinmaster.onelink.me/2792196939?pid=FB_PAGE&c=(_)h3Sjx4deghPGdQlRK-CSarmSF7CVycd48kLZQjykfe0&campaign=(_)h3Sjx4deghPGdQlRK-CSarmSF7CVycd48kLZQjykfe0&af_dp=coinmaster%3A%2F%2Fpromotions&af_deeplink=true&af_web_dp=https%3A%2F%2Fapps.facebook.com%2Fcoin-master%2F",
        "code": "(_)h3Sjx4deghPGdQlRK-CSarmSF7CVycd48kLZQjykfe0"
    },
    {
        "sourceUrl": "https://freespinandcoin.blogspot.com/2018/11/coin-master-free-spin-and-coin-links.html#todays_free_spin_and_coin_links",
        "title": "Collect 2M coin Reward",
        "url": "https://static.moonactive.net/static/coinmaster/reward/reward2.html?c=pe_INShdvkRB_20201116",
        "code": "pe_INShdvkRB_20201116"
    },
    {
        "sourceUrl": "https://freespinandcoin.blogspot.com/2018/11/coin-master-free-spin-and-coin-links.html#todays_free_spin_and_coin_links",
        "title": "Collect 25 spin Reward",
        "url": "https://static.moonactive.net/static/coinmaster/reward/reward2.html?c=pe_FCBVBRDcl_20201116",
        "code": "pe_FCBVBRDcl_20201116"
    },
    {
        "sourceUrl": "https://freespinandcoin.blogspot.com/2018/11/coin-master-free-spin-and-coin-links.html#todays_free_spin_and_coin_links",
        "title": "Collect 2M coin Reward",
        "url": "https://static.moonactive.net/static/coinmaster/reward/reward2.html?c=pe_TWIKPPCuH_20201116",
        "code": "pe_TWIKPPCuH_20201116"
    },
    {
        "sourceUrl": "https://freespinandcoin.blogspot.com/2018/11/coin-master-free-spin-and-coin-links.html#todays_free_spin_and_coin_links",
        "title": "Collect 2M coin Reward",
        "url": "https://static.moonactive.net/static/coinmaster/reward/reward2.html?c=pe_FCBcdnIaQ_20201116",
        "code": "pe_FCBcdnIaQ_20201116"
    },
    {
        "sourceUrl": "https://freespinandcoin.blogspot.com/2018/11/coin-master-free-spin-and-coin-links.html#todays_free_spin_and_coin_links",
        "title": "Collect 25 spin Reward",
        "url": "https://coinmaster.onelink.me/2792196939?pid=FB_PAGE&c=(_)MZpWwff-hI-aKUP2fGFa6GN6scHdJbP1AXFfPKNemLQ&campaign=(_)MZpWwff-hI-aKUP2fGFa6GN6scHdJbP1AXFfPKNemLQ&af_dp=coinmaster%3A%2F%2Fpromotions&af_deeplink=true&af_web_dp=https%3A%2F%2Fapps.facebook.com%2Fcoin-master%2F",
        "code": "(_)MZpWwff-hI-aKUP2fGFa6GN6scHdJbP1AXFfPKNemLQ"
    },
    {
        "sourceUrl": "https://freespinandcoin.blogspot.com/2018/11/coin-master-free-spin-and-coin-links.html#todays_free_spin_and_coin_links",
        "title": "Collect 25 spin Reward",
        "url": "https://static.moonactive.net/static/coinmaster/reward/reward2.html?c=pe_FCBieSrRJ_20201115",
        "code": "pe_FCBieSrRJ_20201115"
    },
    {
        "sourceUrl": "https://freespinandcoin.blogspot.com/2018/11/coin-master-free-spin-and-coin-links.html#todays_free_spin_and_coin_links",
        "title": "Collect 10 spin 1M coin Reward",
        "url": "https://static.moonactive.net/static/coinmaster/reward/reward2.html?c=pe_FCBXSYtMY_20201115",
        "code": "pe_FCBXSYtMY_20201115"
    },
    {
        "sourceUrl": "https://freespinandcoin.blogspot.com/2018/11/coin-master-free-spin-and-coin-links.html#todays_free_spin_and_coin_links",
        "title": "Collect 10 spin 1M coin Reward",
        "url": "https://coinmaster.onelink.me/2792196939?pid=FB_PAGE&c=(_)S9wO641jAR5zm-cZgt6Dqf0UAhUmBmYEL_8r3a1_8bA&campaign=(_)S9wO641jAR5zm-cZgt6Dqf0UAhUmBmYEL_8r3a1_8bA&af_dp=coinmaster%3A%2F%2Fpromotions&af_deeplink=true&af_web_dp=https%3A%2F%2Fapps.facebook.com%2Fcoin-master%2F",
        "code": "(_)S9wO641jAR5zm-cZgt6Dqf0UAhUmBmYEL_8r3a1_8bA"
    },
    {
        "sourceUrl": "https://freespinandcoin.blogspot.com/2018/11/coin-master-free-spin-and-coin-links.html#todays_free_spin_and_coin_links",
        "title": "Collect 25 spin Reward",
        "url": "https://static.moonactive.net/static/coinmaster/reward/reward2.html?c=pe_FCBWZwEgT_20201114",
        "code": "pe_FCBWZwEgT_20201114"
    },
    {
        "sourceUrl": "https://freespinandcoin.blogspot.com/2018/11/coin-master-free-spin-and-coin-links.html#todays_free_spin_and_coin_links",
        "title": "Collect 25 spin Reward",
        "url": "https://static.moonactive.net/static/coinmaster/reward/reward2.html?c=pe_TWIwzHTln_20201114",
        "code": "pe_TWIwzHTln_20201114"
    },
    {
        "sourceUrl": "https://freespinandcoin.blogspot.com/2018/11/coin-master-free-spin-and-coin-links.html#todays_free_spin_and_coin_links",
        "title": "Collect 2M coin Reward",
        "url": "https://static.moonactive.net/static/coinmaster/reward/reward2.html?c=pe_FCBaTdiAY_20201114",
        "code": "pe_FCBaTdiAY_20201114"
    },
    {
        "sourceUrl": "https://freespinandcoin.blogspot.com/2018/11/coin-master-free-spin-and-coin-links.html#todays_free_spin_and_coin_links",
        "title": "Collect 2M coin Reward",
        "url": "https://coinmaster.onelink.me/2792196939?pid=FB_PAGE&c=(_)fuxDUtpk0NRcV71SEh1F1p2aLIhgyfyZbUgrErmVwdo&campaign=(_)fuxDUtpk0NRcV71SEh1F1p2aLIhgyfyZbUgrErmVwdo&af_dp=coinmaster%3A%2F%2Fpromotions&af_deeplink=true&af_web_dp=https%3A%2F%2Fapps.facebook.com%2Fcoin-master%2F",
        "code": "(_)fuxDUtpk0NRcV71SEh1F1p2aLIhgyfyZbUgrErmVwdo"
    },
    {
        "sourceUrl": "https://freespinandcoin.blogspot.com/2018/11/coin-master-free-spin-and-coin-links.html#todays_free_spin_and_coin_links",
        "title": "Collect 25 spin Reward",
        "url": "https://static.moonactive.net/static/coinmaster/reward/reward2.html?c=pe_FCBbLGNmk_20201113",
        "code": "pe_FCBbLGNmk_20201113"
    },
    {
        "sourceUrl": "https://freespinandcoin.blogspot.com/2018/11/coin-master-free-spin-and-coin-links.html#todays_free_spin_and_coin_links",
        "title": "Collect 25 spin Reward",
        "url": "https://static.moonactive.net/static/coinmaster/reward/reward2.html?c=pe_FCBgKezqV_20201113",
        "code": "pe_FCBgKezqV_20201113"
    },
    {
        "sourceUrl": "https://freespinandcoin.blogspot.com/2018/11/coin-master-free-spin-and-coin-links.html#todays_free_spin_and_coin_links",
        "title": "Collect 25 spin Reward",
        "url": "https://coinmaster.onelink.me/2792196939?pid=FB_PAGE&c=(_)3ePJQGYEDLYTiQpIIbWoynVQ-y3T0jbanlMM4Gt0iHg&campaign=(_)3ePJQGYEDLYTiQpIIbWoynVQ-y3T0jbanlMM4Gt0iHg&af_dp=coinmaster%3A%2F%2Fpromotions&af_deeplink=true&af_web_dp=https%3A%2F%2Fapps.facebook.com%2Fcoin-master%2F",
        "code": "(_)3ePJQGYEDLYTiQpIIbWoynVQ-y3T0jbanlMM4Gt0iHg"
    },
    {
        "sourceUrl": "https://freespinandcoin.blogspot.com/2018/11/coin-master-free-spin-and-coin-links.html#todays_free_spin_and_coin_links",
        "title": "Collect 25 spin Reward",
        "url": "https://static.moonactive.net/static/coinmaster/reward/reward2.html?c=pe_FCBDqrhjO_20201112",
        "code": "pe_FCBDqrhjO_20201112"
    },
    {
        "sourceUrl": "https://freespinandcoin.blogspot.com/2018/11/coin-master-free-spin-and-coin-links.html#todays_free_spin_and_coin_links",
        "title": "Collect 10 spin 1M coin Reward",
        "url": "https://static.moonactive.net/static/coinmaster/reward/reward2.html?c=pe_TWIWUnsQr_20201112",
        "code": "pe_TWIWUnsQr_20201112"
    },
    {
        "sourceUrl": "https://freespinandcoin.blogspot.com/2018/11/coin-master-free-spin-and-coin-links.html#todays_free_spin_and_coin_links",
        "title": "Collect 2M coin Reward",
        "url": "https://coinmaster.onelink.me/2792196939?pid=FB_PAGE&c=(_)xy4pbhW2-uSbK-rx3vTk7xurQbor-JUcNUCDiS6aaeg&campaign=(_)xy4pbhW2-uSbK-rx3vTk7xurQbor-JUcNUCDiS6aaeg&af_dp=coinmaster%3A%2F%2Fpromotions&af_deeplink=true&af_web_dp=https%3A%2F%2Fapps.facebook.com%2Fcoin-master%2F",
        "code": "(_)xy4pbhW2-uSbK-rx3vTk7xurQbor-JUcNUCDiS6aaeg"
    },
    {
        "sourceUrl": "https://freespinandcoin.blogspot.com/2018/11/coin-master-free-spin-and-coin-links.html#todays_free_spin_and_coin_links",
        "title": "Collect 25 spin Reward",
        "url": "https://static.moonactive.net/static/coinmaster/reward/reward2.html?c=pe_FCBYQBMFB_20201112",
        "code": "pe_FCBYQBMFB_20201112"
    },
    {
        "sourceUrl": "https://freespinandcoin.blogspot.com/2018/11/coin-master-free-spin-and-coin-links.html#todays_free_spin_and_coin_links",
        "title": "Collect 25 spin Reward",
        "url": "https://static.moonactive.net/static/coinmaster/reward/reward2.html?c=pe_FCBgTFObV_20201111",
        "code": "pe_FCBgTFObV_20201111"
    },
    {
        "sourceUrl": "https://freespinandcoin.blogspot.com/2018/11/coin-master-free-spin-and-coin-links.html#todays_free_spin_and_coin_links",
        "title": "Collect 10 spin 1M coin Reward",
        "url": "https://static.moonactive.net/static/coinmaster/reward/reward2.html?c=pe_FCBZhEhbq_20201111",
        "code": "pe_FCBZhEhbq_20201111"
    },
    {
        "sourceUrl": "https://freespinandcoin.blogspot.com/2018/11/coin-master-free-spin-and-coin-links.html#todays_free_spin_and_coin_links",
        "title": "Collect 2M coin Reward",
        "url": "https://coinmaster.onelink.me/2792196939?pid=FB_PAGE&c=(_)yT3D2HiN-QJlGpl31deA28PMcJT_dkp8mDiWfh538QA&campaign=(_)yT3D2HiN-QJlGpl31deA28PMcJT_dkp8mDiWfh538QA&af_dp=coinmaster%3A%2F%2Fpromotions&af_deeplink=true&af_web_dp=https%3A%2F%2Fapps.facebook.com%2Fcoin-master%2F",
        "code": "(_)yT3D2HiN-QJlGpl31deA28PMcJT_dkp8mDiWfh538QA"
    },
    {
        "sourceUrl": "https://freespinandcoin.blogspot.com/2018/11/coin-master-free-spin-and-coin-links.html#todays_free_spin_and_coin_links",
        "title": "Collect 10 spin 1M coin Reward",
        "url": "https://static.moonactive.net/static/coinmaster/reward/reward2.html?c=pe_TWIVYqRWM_20201111",
        "code": "pe_TWIVYqRWM_20201111"
    },
    {
        "sourceUrl": "https://freespinandcoin.blogspot.com/2018/11/coin-master-free-spin-and-coin-links.html#todays_free_spin_and_coin_links",
        "title": "Collect 25 spin Reward",
        "url": "https://static.moonactive.net/static/coinmaster/reward/reward2.html?c=pe_FCBgmrKBs_20201110",
        "code": "pe_FCBgmrKBs_20201110"
    },
    {
        "sourceUrl": "https://freespinandcoin.blogspot.com/2018/11/coin-master-free-spin-and-coin-links.html#todays_free_spin_and_coin_links",
        "title": "Collect 2M coin Reward",
        "url": "https://static.moonactive.net/static/coinmaster/reward/reward2.html?c=pe_TWICjQCWH_20201110",
        "code": "pe_TWICjQCWH_20201110"
    },
    {
        "sourceUrl": "https://freespinandcoin.blogspot.com/2018/11/coin-master-free-spin-and-coin-links.html#todays_free_spin_and_coin_links",
        "title": "Collect 25 spin Reward",
        "url": "https://static.moonactive.net/static/coinmaster/reward/reward2.html?c=pe_FCBjNmeOf_20201110",
        "code": "pe_FCBjNmeOf_20201110"
    },
    {
        "sourceUrl": "https://freespinandcoin.blogspot.com/2018/11/coin-master-free-spin-and-coin-links.html#todays_free_spin_and_coin_links",
        "title": "Collect 10 spin 1M coin Reward",
        "url": "https://coinmaster.onelink.me/2792196939?pid=FB_PAGE&c=(_)c1DZzroFPmxsPAFRTeK6OY7iage5o0m9Ntbr1zOxbFQ&campaign=(_)c1DZzroFPmxsPAFRTeK6OY7iage5o0m9Ntbr1zOxbFQ&af_dp=coinmaster%3A%2F%2Fpromotions&af_deeplink=true&af_web_dp=https%3A%2F%2Fapps.facebook.com%2Fcoin-master%2F",
        "code": "(_)c1DZzroFPmxsPAFRTeK6OY7iage5o0m9Ntbr1zOxbFQ"
    },
    {
        "sourceUrl": "https://freespinandcoin.blogspot.com/2018/11/coin-master-free-spin-and-coin-links.html#todays_free_spin_and_coin_links",
        "title": "Collect 25 spin Reward",
        "url": "https://static.moonactive.net/static/coinmaster/reward/reward2.html?c=pe_FCBbFvDZs_20201109",
        "code": "pe_FCBbFvDZs_20201109"
    },
    {
        "sourceUrl": "https://freespinandcoin.blogspot.com/2018/11/coin-master-free-spin-and-coin-links.html#todays_free_spin_and_coin_links",
        "title": "Collect 2M coin Reward",
        "url": "https://static.moonactive.net/static/coinmaster/reward/reward2.html?c=pe_FCByHjNBP_20201109",
        "code": "pe_FCByHjNBP_20201109"
    },
    {
        "sourceUrl": "https://freespinandcoin.blogspot.com/2018/11/coin-master-free-spin-and-coin-links.html#todays_free_spin_and_coin_links",
        "title": "Collect 2M coin Reward",
        "url": "https://coinmaster.onelink.me/2792196939?pid=FB_PAGE&c=(_)PMeqQOU3OUcPNyDL_lShf-PwKhhYZskD7k-N0EjHxF8&campaign=(_)PMeqQOU3OUcPNyDL_lShf-PwKhhYZskD7k-N0EjHxF8&af_dp=coinmaster%3A%2F%2Fpromotions&af_deeplink=true&af_web_dp=https%3A%2F%2Fapps.facebook.com%2Fcoin-master%2F",
        "code": "(_)PMeqQOU3OUcPNyDL_lShf-PwKhhYZskD7k-N0EjHxF8"
    },
    {
        "sourceUrl": "https://freespinandcoin.blogspot.com/2018/11/coin-master-free-spin-and-coin-links.html#todays_free_spin_and_coin_links",
        "title": "Collect 25 spin Reward",
        "url": "https://static.moonactive.net/static/coinmaster/reward/reward2.html?c=pe_FCBYpHsiG_20201108",
        "code": "pe_FCBYpHsiG_20201108"
    },
    {
        "sourceUrl": "https://freespinandcoin.blogspot.com/2018/11/coin-master-free-spin-and-coin-links.html#todays_free_spin_and_coin_links",
        "title": "Collect 25 spin Reward",
        "url": "https://static.moonactive.net/static/coinmaster/reward/reward2.html?c=pe_TWIhqnxWA_20201108",
        "code": "pe_TWIhqnxWA_20201108"
    },
    {
        "sourceUrl": "https://freespinandcoin.blogspot.com/2018/11/coin-master-free-spin-and-coin-links.html#todays_free_spin_and_coin_links",
        "title": "Collect 10 spin 1M coin Reward",
        "url": "https://static.moonactive.net/static/coinmaster/reward/reward2.html?c=pe_FCBWTRMod_20201108",
        "code": "pe_FCBWTRMod_20201108"
    },
    {
        "sourceUrl": "https://freespinandcoin.blogspot.com/2018/11/coin-master-free-spin-and-coin-links.html#todays_free_spin_and_coin_links",
        "title": "Collect 10 spin 1M coin Reward",
        "url": "https://coinmaster.onelink.me/2792196939?pid=FB_PAGE&c=(_)Z-TWwxwwgBChBDQqy24v3wACgsXQKu1ZogtSLmfGDkE&campaign=(_)Z-TWwxwwgBChBDQqy24v3wACgsXQKu1ZogtSLmfGDkE&af_dp=coinmaster%3A%2F%2Fpromotions&af_deeplink=true&af_web_dp=https%3A%2F%2Fapps.facebook.com%2Fcoin-master%2F",
        "code": "(_)Z-TWwxwwgBChBDQqy24v3wACgsXQKu1ZogtSLmfGDkE"
    },
    {
        "sourceUrl": "https://freespinandcoin.blogspot.com/2018/11/coin-master-free-spin-and-coin-links.html#todays_free_spin_and_coin_links",
        "title": "Collect 25 spin Reward",
        "url": "https://static.moonactive.net/static/coinmaster/reward/reward2.html?c=pe_FCBwiWcrp_20201107",
        "code": "pe_FCBwiWcrp_20201107"
    },
    {
        "sourceUrl": "https://freespinandcoin.blogspot.com/2018/11/coin-master-free-spin-and-coin-links.html#todays_free_spin_and_coin_links",
        "title": "Collect 10 spin 1M coin Reward",
        "url": "https://static.moonactive.net/static/coinmaster/reward/reward2.html?c=pe_TWIghWvDG_20201107",
        "code": "pe_TWIghWvDG_20201107"
    },
    {
        "sourceUrl": "https://freespinandcoin.blogspot.com/2018/11/coin-master-free-spin-and-coin-links.html#todays_free_spin_and_coin_links",
        "title": "Collect 25 spin Reward",
        "url": "https://static.moonactive.net/static/coinmaster/reward/reward2.html?c=pe_FCBPDJntO_20201107",
        "code": "pe_FCBPDJntO_20201107"
    },
    {
        "sourceUrl": "https://freespinandcoin.blogspot.com/2018/11/coin-master-free-spin-and-coin-links.html#todays_free_spin_and_coin_links",
        "title": "Collect 25 spin Reward",
        "url": "https://coinmaster.onelink.me/2792196939?pid=FB_PAGE&c=(_)hPSv3HlqEaKqABdJ8AlmJewN4MtTIgs0MPUp1lSVUlE&campaign=(_)hPSv3HlqEaKqABdJ8AlmJewN4MtTIgs0MPUp1lSVUlE&af_dp=coinmaster%3A%2F%2Fpromotions&af_deeplink=true&af_web_dp=https%3A%2F%2Fapps.facebook.com%2Fcoin-master%2F",
        "code": "(_)hPSv3HlqEaKqABdJ8AlmJewN4MtTIgs0MPUp1lSVUlE"
    },
    {
        "sourceUrl": "https://freespinandcoin.blogspot.com/2018/11/coin-master-free-spin-and-coin-links.html#todays_free_spin_and_coin_links",
        "title": "Collect 25 spin Reward",
        "url": "https://static.moonactive.net/static/coinmaster/reward/reward2.html?c=pe_FCBFELCxH_20201106",
        "code": "pe_FCBFELCxH_20201106"
    },
    {
        "sourceUrl": "https://freespinandcoin.blogspot.com/2018/11/coin-master-free-spin-and-coin-links.html#todays_free_spin_and_coin_links",
        "title": "Collect 2M coin Reward",
        "url": "https://static.moonactive.net/static/coinmaster/reward/reward2.html?c=pe_TWIqsywgN_20201106",
        "code": "pe_TWIqsywgN_20201106"
    },
    {
        "sourceUrl": "https://freespinandcoin.blogspot.com/2018/11/coin-master-free-spin-and-coin-links.html#todays_free_spin_and_coin_links",
        "title": "Collect 25 spin Reward",
        "url": "https://static.moonactive.net/static/coinmaster/reward/reward2.html?c=pe_FCBSMImRj_20201106",
        "code": "pe_FCBSMImRj_20201106"
    },
    {
        "sourceUrl": "https://freespinandcoin.blogspot.com/2018/11/coin-master-free-spin-and-coin-links.html#todays_free_spin_and_coin_links",
        "title": "Collect 10 spin 1M coin Reward",
        "url": "https://coinmaster.onelink.me/2792196939?pid=FB_PAGE&c=(_)goyNXgOZLE20_cHF_qdz3Ib-zU3KWQqwMfftQGrMeFY&campaign=(_)goyNXgOZLE20_cHF_qdz3Ib-zU3KWQqwMfftQGrMeFY&af_dp=coinmaster%3A%2F%2Fpromotions&af_deeplink=true&af_web_dp=https%3A%2F%2Fapps.facebook.com%2Fcoin-master%2F",
        "code": "(_)goyNXgOZLE20_cHF_qdz3Ib-zU3KWQqwMfftQGrMeFY"
    },
    {
        "sourceUrl": "https://freespinandcoin.blogspot.com/2018/11/coin-master-free-spin-and-coin-links.html#todays_free_spin_and_coin_links",
        "title": "Collect 25 spin Reward",
        "url": "https://static.moonactive.net/static/coinmaster/reward/reward2.html?c=pe_FCBXfjqOy_20201105",
        "code": "pe_FCBXfjqOy_20201105"
    },
    {
        "sourceUrl": "https://freespinandcoin.blogspot.com/2018/11/coin-master-free-spin-and-coin-links.html#todays_free_spin_and_coin_links",
        "title": "Collect 2M coin Reward",
        "url": "https://static.moonactive.net/static/coinmaster/reward/reward2.html?c=pe_FCBVPtMEM_20201105",
        "code": "pe_FCBVPtMEM_20201105"
    },
    {
        "sourceUrl": "https://freespinandcoin.blogspot.com/2018/11/coin-master-free-spin-and-coin-links.html#todays_free_spin_and_coin_links",
        "title": "Collect 2M coin Reward",
        "url": "https://coinmaster.onelink.me/2792196939?pid=FB_PAGE&c=(_)OKTJWnrhXnNG70_JTrMshj_J0yNdKvn17QCPYZDWvHs&campaign=(_)OKTJWnrhXnNG70_JTrMshj_J0yNdKvn17QCPYZDWvHs&af_dp=coinmaster%3A%2F%2Fpromotions&af_deeplink=true&af_web_dp=https%3A%2F%2Fapps.facebook.com%2Fcoin-master%2F",
        "code": "(_)OKTJWnrhXnNG70_JTrMshj_J0yNdKvn17QCPYZDWvHs"
    },
    {
        "sourceUrl": "https://freespinandcoin.blogspot.com/2018/11/coin-master-free-spin-and-coin-links.html#todays_free_spin_and_coin_links",
        "title": "Collect 25 spin Reward",
        "url": "https://static.moonactive.net/static/coinmaster/reward/reward2.html?c=pe_FCBLcFJqm_20201104",
        "code": "pe_FCBLcFJqm_20201104"
    },
    {
        "sourceUrl": "https://freespinandcoin.blogspot.com/2018/11/coin-master-free-spin-and-coin-links.html#todays_free_spin_and_coin_links",
        "title": "Collect 10 spin 1M coin Reward",
        "url": "https://static.moonactive.net/static/coinmaster/reward/reward2.html?c=pe_TWIDoaUTH_20201104",
        "code": "pe_TWIDoaUTH_20201104"
    },
    {
        "sourceUrl": "https://freespinandcoin.blogspot.com/2018/11/coin-master-free-spin-and-coin-links.html#todays_free_spin_and_coin_links",
        "title": "Collect 25 spin Reward",
        "url": "https://coinmaster.onelink.me/2792196939?pid=FB_PAGE&c=(_)PIBMa7KfJCLLjX0YBcLbKGLYK_9x-IPBzo6C6WVhb_w&campaign=(_)PIBMa7KfJCLLjX0YBcLbKGLYK_9x-IPBzo6C6WVhb_w&af_dp=coinmaster%3A%2F%2Fpromotions&af_deeplink=true&af_web_dp=https%3A%2F%2Fapps.facebook.com%2Fcoin-master%2F",
        "code": "(_)PIBMa7KfJCLLjX0YBcLbKGLYK_9x-IPBzo6C6WVhb_w"
    },
    {
        "sourceUrl": "https://freespinandcoin.blogspot.com/2018/11/coin-master-free-spin-and-coin-links.html#todays_free_spin_and_coin_links",
        "title": "Collect 10 spin 1M coin Reward",
        "url": "https://static.moonactive.net/static/coinmaster/reward/reward2.html?c=pe_FCBcSUwVP_20201104",
        "code": "pe_FCBcSUwVP_20201104"
    },
    {
        "sourceUrl": "https://freespinandcoin.blogspot.com/2018/11/coin-master-free-spin-and-coin-links.html#todays_free_spin_and_coin_links",
        "title": "Collect 25 spin Reward",
        "url": "https://static.moonactive.net/static/coinmaster/reward/reward2.html?c=pe_FCBgyUBux_20201103",
        "code": "pe_FCBgyUBux_20201103"
    },
    {
        "sourceUrl": "https://freespinandcoin.blogspot.com/2018/11/coin-master-free-spin-and-coin-links.html#todays_free_spin_and_coin_links",
        "title": "Collect 30 spin 30M coin Reward",
        "url": "https://static.moonactive.net/static/coinmaster/reward/reward2.html?c=pe_FCBcelfift_20201102",
        "code": "pe_FCBcelfift_20201102"
    },
    {
        "sourceUrl": "https://freespinandcoin.blogspot.com/2018/11/coin-master-free-spin-and-coin-links.html#todays_free_spin_and_coin_links",
        "title": "Collect 10 spin 1M coin Reward",
        "url": "https://static.moonactive.net/static/coinmaster/reward/reward2.html?c=pe_FCBSyTmdX_20201103",
        "code": "pe_FCBSyTmdX_20201103"
    },
    {
        "sourceUrl": "https://freespinandcoin.blogspot.com/2018/11/coin-master-free-spin-and-coin-links.html#todays_free_spin_and_coin_links",
        "title": "Collect 10 spin 1M coin Reward",
        "url": "https://coinmaster.onelink.me/2792196939?pid=FB_PAGE&c=(_)TqqD8XbDCNU6d3t3IHlI89RSOo4m69rP7AIB7mYidy0&campaign=(_)TqqD8XbDCNU6d3t3IHlI89RSOo4m69rP7AIB7mYidy0&af_dp=coinmaster%3A%2F%2Fpromotions&af_deeplink=true&af_web_dp=https%3A%2F%2Fapps.facebook.com%2Fcoin-master%2F",
        "code": "(_)TqqD8XbDCNU6d3t3IHlI89RSOo4m69rP7AIB7mYidy0"
    },
    {
        "sourceUrl": "https://freespinandcoin.blogspot.com/2018/11/coin-master-free-spin-and-coin-links.html#todays_free_spin_and_coin_links",
        "title": "Collect 25 spin Reward",
        "url": "https://static.moonactive.net/static/coinmaster/reward/reward2.html?c=pe_INSeNEEue_20201102",
        "code": "pe_INSeNEEue_20201102"
    },
    {
        "sourceUrl": "https://freespinandcoin.blogspot.com/2018/11/coin-master-free-spin-and-coin-links.html#todays_free_spin_and_coin_links",
        "title": "Collect 25 spin Reward",
        "url": "https://static.moonactive.net/static/coinmaster/reward/reward2.html?c=pe_FCBZOPwQi_20201102",
        "code": "pe_FCBZOPwQi_20201102"
    },
    {
        "sourceUrl": "https://freespinandcoin.blogspot.com/2018/11/coin-master-free-spin-and-coin-links.html#todays_free_spin_and_coin_links",
        "title": "Collect 10 spin 1M coin Reward",
        "url": "https://static.moonactive.net/static/coinmaster/reward/reward2.html?c=pe_TWIPairhY_20201102",
        "code": "pe_TWIPairhY_20201102"
    },
    {
        "sourceUrl": "https://freespinandcoin.blogspot.com/2018/11/coin-master-free-spin-and-coin-links.html#todays_free_spin_and_coin_links",
        "title": "Collect 2M coin Reward",
        "url": "https://static.moonactive.net/static/coinmaster/reward/reward2.html?c=pe_FCBXtURXH_20201102",
        "code": "pe_FCBXtURXH_20201102"
    },
    {
        "sourceUrl": "https://freespinandcoin.blogspot.com/2018/11/coin-master-free-spin-and-coin-links.html#todays_free_spin_and_coin_links",
        "title": "Collect 2M coin Reward",
        "url": "https://coinmaster.onelink.me/2792196939?pid=FB_PAGE&c=(_)2i7re0dl9lRW8_1DNJ0fH9T-u8aruwdD-on3k5uM0bg&campaign=(_)2i7re0dl9lRW8_1DNJ0fH9T-u8aruwdD-on3k5uM0bg&af_dp=coinmaster%3A%2F%2Fpromotions&af_deeplink=true&af_web_dp=https%3A%2F%2Fapps.facebook.com%2Fcoin-master%2F",
        "code": "(_)2i7re0dl9lRW8_1DNJ0fH9T-u8aruwdD-on3k5uM0bg"
    }
]